{"cameraMode":{"drawMode":0,"name":"Shaded","section":"Shading Mode"},"sceneLighting":true,"audioPlay":false,"sceneViewState":{"m_AlwaysRefresh":false,"showFog":true,"showSkybox":true,"showFlares":true,"showImageEffects":true,"showParticleSystems":true,"showVisualEffectGraphs":true,"m_FxEnabled":true},"in2DMode":false,"pivot":{"x":29.426578521728517,"y":-22.722063064575197,"z":-0.13763374090194703},"rotation":{"x":0.2107323706150055,"y":0.6398476362228394,"z":-0.18876689672470094,"w":0.7146334648132324},"size":28.251665115356447,"orthographic":false}