{"cameraMode":{"drawMode":0,"name":"Shaded","section":"Shading Mode"},"sceneLighting":true,"audioPlay":false,"sceneViewState":{"m_AlwaysRefresh":false,"showFog":true,"showSkybox":true,"showFlares":true,"showImageEffects":true,"showParticleSystems":true,"showVisualEffectGraphs":true,"m_FxEnabled":true},"in2DMode":false,"pivot":{"x":946.5798950195313,"y":15.760405540466309,"z":-41.74678039550781},"rotation":{"x":0.1449502557516098,"y":0.022866863757371904,"z":-0.003357824869453907,"w":0.9891780018806458},"size":1.2247449159622193,"orthographic":false}